{"2": 3.3000884955752214, "4": 1.3878434324426046, "0": 5.680062752428318, "3": 10.166989538938395, "1": 4.0935645472061655}