{"2": 15.483241470224936, "4": 7.65525903320566, "0": 17.66356304300439, "3": 8.171457042319311, "1": 11.026479411245706}