{"Entropy Production": 0.376196739258318, "Determinism": 1.1686341686143524, "Degeneracy": 0.02545819559288187, "Effectiveness": 1.1431759730214706}