{"2": 0.2580540245037489, "4": 0.12758765055342766, "0": 0.2943927173834065, "3": 0.13619095070532183, "1": 0.18377465685409508}