{"6": 0.09348066030717916, "15": 0.023536677773279772, "11": 0.06462768626066978, "5": 0.08981132597736466, "17": 0.10317213174311546, "4": 0.061868333004632944, "14": 0.05255054200963957, "7": 0.014570077192691088, "9": 0.04894002774923274, "0": 0.0570969873744451, "18": 0.03230951812523139, "16": 0.07058062328513548, "13": 0.058188618662570024, "3": 0.04068618800970185, "2": 0.02583239048222077, "1": 0.05944460014462817, "10": 0.05920066985679043, "12": 0.0038319545217063355, "8": 0.040270987519765274}