{"6": 2.9517644488145964, "15": 1.3014157260378802, "11": 4.617105425781733, "5": 2.914879281302639, "17": 3.351146325016858, "4": 1.6266545371844439, "14": 2.047038210121976, "7": 2.3446547884187083, "9": 2.6525082044069386, "0": 1.5451310861423222, "18": 1.362217359591539, "16": 3.0009562339095255, "13": 4.769568916619399, "3": 1.4520869350456902, "2": 1.5351084609848875, "1": 4.124969987995198, "10": 5.526485788113695, "12": 1.4207825529185376, "8": 153.14473684210526}