{"Entropy Production": 69.0427961617698, "Determinism": 2.57676303071106, "Degeneracy": 0.2557050788085067, "Effectiveness": 2.3210579519025534}