{"6": 5.60883961843075, "15": 1.4122006663967863, "11": 3.8776611756401875, "5": 5.388679558641879, "17": 6.190327904586928, "4": 3.712099980277977, "14": 3.1530325205783742, "7": 0.8742046315614653, "9": 2.936401664953965, "0": 3.4258192424667064, "18": 1.9385710875138833, "16": 4.234837397108128, "13": 3.4913171197542012, "3": 2.441171280582111, "2": 1.549943428933246, "1": 3.5666760086776903, "10": 3.5520401914074258, "12": 0.22991727130238016, "8": 2.4162592511859167}