{"0": 12.569884895466291, "2": 3.853065539112051, "1": 14.15433403805497, "3": 16.236199201315483, "4": 13.18651632605121}