{"0": 6.286049926578561, "2": 1.0072152287381027, "1": 3.8501597444089457, "3": 5.008514492753624, "4": 6.351909476661952}