{"0": 0.20949808159110483, "2": 0.06421775898520085, "1": 0.23590556730091614, "3": 0.27060332002192466, "4": 0.21977527210085349}