{"Entropy Production": 1.3751570738343801, "Determinism": 1.0798125529676346, "Degeneracy": 0.12531062633932244, "Effectiveness": 0.9545019266283121}