{"Entropy Production": 6.799420747532039, "Determinism": 0.31676075625532585, "Degeneracy": -0.027939426410393597, "Effectiveness": 0.34470018266571945}