{"Entropy Production": 1.175629737124293, "Determinism": -0.0836820430706271, "Degeneracy": -0.23528821879089, "Effectiveness": 0.15160617572026291}