{"Entropy Production": 11.129514553929729, "Determinism": 0.47945088713319617, "Degeneracy": 0.16070134516160905, "Effectiveness": 0.3187495419715871}