{"Entropy Production": 1.523781729162972, "Determinism": -0.0714169714760251, "Degeneracy": -0.1769123399112824, "Effectiveness": 0.10549536843525731}