{"Entropy Production": 4.951914744377177, "Determinism": 0.4585745899103504, "Degeneracy": 0.17432973623711856, "Effectiveness": 0.2842448536732318}