{"Entropy Production": 1.7701312960371294, "Determinism": -0.012528274858736754, "Degeneracy": -0.14330920719539098, "Effectiveness": 0.13078093233665422}