{"Entropy Production": 5.820079669431213, "Determinism": 0.2529445967283901, "Degeneracy": 0.10158080566676775, "Effectiveness": 0.15136379106162234}