{"Entropy Production": 0.8968702686582992, "Determinism": -0.07899705379287303, "Degeneracy": -0.15388703869595988, "Effectiveness": 0.07488998490308685}