{"Entropy Production": 2.234059417317881, "Determinism": 0.28738430249965274, "Degeneracy": 0.10852924261399455, "Effectiveness": 0.1788550598856582}