{"Entropy Production": 0.9899831988150961, "Determinism": -0.1254803276004144, "Degeneracy": -0.19786209954590372, "Effectiveness": 0.07238177194548934}