{"Entropy Production": 5.997892423156139, "Determinism": 0.45942985044601214, "Degeneracy": 0.13479620146662752, "Effectiveness": 0.3246336489793846}