{"Entropy Production": 0.8910736960215081, "Determinism": -0.07037583389990987, "Degeneracy": -0.1904453069486669, "Effectiveness": 0.12006947304875704}