{"Entropy Production": 4.888868546371928, "Determinism": 0.35698877526330897, "Degeneracy": 0.11231101305393887, "Effectiveness": 0.2446777622093701}