{"Entropy Production": 0.928694584433274, "Determinism": 0.027240763313977734, "Degeneracy": -0.07050495869240292, "Effectiveness": 0.09774572200638065}