{"Entropy Production": 5.648211781703812, "Determinism": 0.4973429520726673, "Degeneracy": 0.2344243347405892, "Effectiveness": 0.2629186173320781}