{"Entropy Production": 0.8257507890996213, "Determinism": -0.04943122853095483, "Degeneracy": -0.12338518661153186, "Effectiveness": 0.07395395808057703}