{"Entropy Production": 7.343223741490844, "Determinism": 0.3488837631206636, "Degeneracy": -0.028559919038466663, "Effectiveness": 0.37744368215913027}