{"Entropy Production": 0.8067878234655581, "Determinism": -0.04760691780726578, "Degeneracy": -0.16572333004353368, "Effectiveness": 0.1181164122362679}