{"Entropy Production": 3.536870639947022, "Determinism": 0.4221309128240176, "Degeneracy": 0.13510197522953105, "Effectiveness": 0.28702893759448656}