{"Entropy Production": 0.7966538115904072, "Determinism": -0.09683813325115675, "Degeneracy": -0.19175041588475494, "Effectiveness": 0.09491228263359819}