{"Entropy Production": 6.524091259815078, "Determinism": 0.42067799110810467, "Degeneracy": 0.25719006394261257, "Effectiveness": 0.1634879271654921}