{"Entropy Production": 0.6757224927842248, "Determinism": -0.11376547820036542, "Degeneracy": -0.19209356343993722, "Effectiveness": 0.0783280852395718}