{"Entropy Production": 10.952109555087196, "Determinism": 0.4677508927651397, "Degeneracy": 0.3076613436429434, "Effectiveness": 0.1600895491221963}