{"Entropy Production": 0.6414876483658396, "Determinism": -0.13244986362141775, "Degeneracy": -0.20059033270870064, "Effectiveness": 0.06814046908728288}