{"Entropy Production": 5.623192552204141, "Determinism": 0.8034025026725029, "Degeneracy": 0.3670913350139464, "Effectiveness": 0.4363111676585565}