{"Entropy Production": 1.5683482578879684, "Determinism": -0.07803592123141101, "Degeneracy": -0.21759247632397427, "Effectiveness": 0.13955655509256326}