{"Entropy Production": 4.58956697134842, "Determinism": 0.3258565065725858, "Degeneracy": 0.10184333207659124, "Effectiveness": 0.22401317449599456}