{"Entropy Production": 0.7084591581718968, "Determinism": -0.0908238661270877, "Degeneracy": -0.1552937276997466, "Effectiveness": 0.06446986157265888}