{"Entropy Production": 5.990917025851143, "Determinism": 0.44917376524942276, "Degeneracy": 0.04490211303346303, "Effectiveness": 0.40427165221595973}