{"Entropy Production": 1.4938073059566985, "Determinism": 0.09239145700198925, "Degeneracy": -0.09884272383804005, "Effectiveness": 0.1912341808400293}