{"Entropy Production": 4.722607148101656, "Determinism": 0.41314298784792425, "Degeneracy": 0.14918337855768593, "Effectiveness": 0.2639596092902383}