{"Entropy Production": 0.7243556233819266, "Determinism": -0.15753910120984216, "Degeneracy": -0.23379678088026257, "Effectiveness": 0.07625767967042041}