{"Entropy Production": 6.578532406867143, "Determinism": 0.5895240330408562, "Degeneracy": 0.3210618769934577, "Effectiveness": 0.26846215604739854}