{"Entropy Production": 0.9800628980754147, "Determinism": -0.0383134025523022, "Degeneracy": -0.16073363822340658, "Effectiveness": 0.12242023567110438}