{"Entropy Production": 0.705387498143446, "Determinism": 0.6716579831016061, "Degeneracy": 0.48383960249476665, "Effectiveness": 0.18781838060683942}