{"Entropy Production": 0.8315875441523148, "Determinism": -0.09466005433496205, "Degeneracy": -0.1742855306737061, "Effectiveness": 0.07962547633874406}