{"Entropy Production": 5.671718118011573, "Determinism": 0.40792202586445403, "Degeneracy": 0.10122751267782881, "Effectiveness": 0.3066945131866252}