{"Entropy Production": 1.1484274376157422, "Determinism": -0.026509125953103396, "Degeneracy": -0.15984898708932294, "Effectiveness": 0.13333986113621954}