{"Entropy Production": 4.976463360255729, "Determinism": 0.27932256312607295, "Degeneracy": 0.0973424121454669, "Effectiveness": 0.18198015098060605}