{"Entropy Production": 0.8649274089257806, "Determinism": -0.13552729806333463, "Degeneracy": -0.20932033490228674, "Effectiveness": 0.07379303683895211}