{"Entropy Production": 11.597884912212171, "Determinism": 0.507926101525519, "Degeneracy": 0.05357880850985186, "Effectiveness": 0.4543472930156671}