{"Entropy Production": 1.5173040030526148, "Determinism": -0.029069137878907636, "Degeneracy": -0.17498867128154139, "Effectiveness": 0.14591953340263375}