{"Entropy Production": 8.480785476268919, "Determinism": 0.42081691825346446, "Degeneracy": 0.06316747854488902, "Effectiveness": 0.35764943970857543}