{"Entropy Production": 1.8440186123689604, "Determinism": -0.04962583401193843, "Degeneracy": -0.1732029410332414, "Effectiveness": 0.12357710702130298}