{"Entropy Production": 9.403552201465498, "Determinism": 0.5025768775764989, "Degeneracy": 0.2529453022073014, "Effectiveness": 0.24963157536919756}