{"Entropy Production": 1.2409172065611143, "Determinism": -0.08980399130675698, "Degeneracy": -0.19909109760439403, "Effectiveness": 0.10928710629763705}