{"Entropy Production": 6.8156956165107045, "Determinism": 0.48419879438628843, "Degeneracy": 0.0429592463581141, "Effectiveness": 0.44123954802817433}