{"Entropy Production": 1.5323427392847289, "Determinism": -0.006057617372383195, "Degeneracy": -0.14536737421379753, "Effectiveness": 0.13930975684141433}