{"Entropy Production": 5.909314668338391, "Determinism": 0.2843709495716382, "Degeneracy": -0.05976109069712843, "Effectiveness": 0.34413204026876665}