{"Entropy Production": 2.266702669345939, "Determinism": 0.10572924188135246, "Degeneracy": -0.04095616255046641, "Effectiveness": 0.14668540443181888}