{"Entropy Production": 10.489882163794963, "Determinism": 0.5065499794971069, "Degeneracy": 0.026572148764790526, "Effectiveness": 0.47997783073231637}