{"Entropy Production": 2.3971591044572937, "Determinism": 0.06581733587306049, "Degeneracy": -0.14607531453560263, "Effectiveness": 0.21189265040866312}