{"Entropy Production": 6.5947002003074795, "Determinism": 0.5563060361877756, "Degeneracy": 0.24693730142783687, "Effectiveness": 0.30936873475993876}