{"Entropy Production": 0.7098398799319555, "Determinism": 0.001147906046161662, "Degeneracy": -0.08934711970984655, "Effectiveness": 0.09049502575600821}