{"Entropy Production": 6.541459395123639, "Determinism": 0.4779783122949539, "Degeneracy": 0.12500008852661626, "Effectiveness": 0.35297822376833765}