{"Entropy Production": 1.6127805201204857, "Determinism": 0.02326009153167652, "Degeneracy": -0.11321038446214793, "Effectiveness": 0.13647047599382445}