{"Entropy Production": 5.987918915535209, "Determinism": 0.3217971847104968, "Degeneracy": 0.04247403024422258, "Effectiveness": 0.2793231544662742}