{"Entropy Production": 0.5963091487612119, "Determinism": 0.005074242505240356, "Degeneracy": -0.09020175038700273, "Effectiveness": 0.09527599289224309}