{"Entropy Production": 8.629087010408517, "Determinism": 0.4245193077030447, "Degeneracy": 0.11157431943583163, "Effectiveness": 0.31294498826721306}