{"Entropy Production": 1.21721105091404, "Determinism": 0.002964499779793517, "Degeneracy": -0.10071059153830175, "Effectiveness": 0.10367509131809527}