{"Entropy Production": 7.419476085126955, "Determinism": 0.40276909354873824, "Degeneracy": 0.08316536796600227, "Effectiveness": 0.319603725582736}