{"Entropy Production": 1.1288781064970907, "Determinism": -0.006332010717157832, "Degeneracy": -0.10607139148775202, "Effectiveness": 0.09973938077059419}