{"Entropy Production": 9.147328632122035, "Determinism": 0.7365664912477223, "Degeneracy": 0.3728652248194946, "Effectiveness": 0.36370126642822775}