{"Entropy Production": 1.5392226059769822, "Determinism": 0.05270804885596014, "Degeneracy": -0.07724448768106518, "Effectiveness": 0.12995253653702532}