{"Entropy Production": 2.327088183038244, "Determinism": 0.6674512619641584, "Degeneracy": 0.4542579562029263, "Effectiveness": 0.21319330576123208}