{"Entropy Production": 0.9743407858667398, "Determinism": -0.04401330100103085, "Degeneracy": -0.13402623179451378, "Effectiveness": 0.09001293079348294}