{"Entropy Production": 11.69061486869261, "Determinism": 0.5617153221543323, "Degeneracy": 0.18582719064847453, "Effectiveness": 0.37588813150585776}