{"Entropy Production": 1.814988110175395, "Determinism": 0.052216243819213304, "Degeneracy": -0.11255616944505942, "Effectiveness": 0.16477241326427272}