{"Entropy Production": 7.2658794257153, "Determinism": 0.5698991677437151, "Degeneracy": 0.3758906791233305, "Effectiveness": 0.19400848862038456}