{"Entropy Production": 0.6542360870210329, "Determinism": -0.026377432415233937, "Degeneracy": -0.10551378716014792, "Effectiveness": 0.07913635474491398}