{"Entropy Production": 7.28326532040851, "Determinism": 0.3797248277019325, "Degeneracy": 0.12443761948947207, "Effectiveness": 0.2552872082124604}