{"Entropy Production": 1.266380934685251, "Determinism": -0.09007603463437386, "Degeneracy": -0.17357801350765367, "Effectiveness": 0.08350197887327981}