{"Entropy Production": 6.327237155590727, "Determinism": 0.33167621927348034, "Degeneracy": -0.06236011152435994, "Effectiveness": 0.3940363307978403}