{"Entropy Production": 1.4264178855822658, "Determinism": -0.011692533821330287, "Degeneracy": -0.1351689021814324, "Effectiveness": 0.12347636836010212}