{"Entropy Production": 10.468833024037208, "Determinism": 0.6241122740829856, "Degeneracy": 0.15810458473409916, "Effectiveness": 0.4660076893488865}