{"Entropy Production": 1.085279921294226, "Determinism": -0.010136476279034579, "Degeneracy": -0.1505643797258811, "Effectiveness": 0.14042790344684652}