{"Entropy Production": 5.360829488391479, "Determinism": 0.5099714166157128, "Degeneracy": 0.2176898755835741, "Effectiveness": 0.29228154103213866}