{"Entropy Production": 0.775743421680559, "Determinism": -0.10742093116501472, "Degeneracy": -0.1938834359541204, "Effectiveness": 0.08646250478910567}