{"Entropy Production": 4.5852189406625, "Determinism": 0.22364542847932167, "Degeneracy": 0.043781770164241784, "Effectiveness": 0.1798636583150799}