{"Entropy Production": 1.45289019200709, "Determinism": -0.003778465163763567, "Degeneracy": -0.07934242127498115, "Effectiveness": 0.07556395611121758}