{"Entropy Production": 5.390415540214507, "Determinism": 0.5177512107589017, "Degeneracy": 0.09609248530045189, "Effectiveness": 0.42165872545844985}