{"Entropy Production": 1.7206427956629193, "Determinism": -0.07322026968766204, "Degeneracy": -0.1991071555508559, "Effectiveness": 0.12588688586319385}