{"Entropy Production": 5.128491201521242, "Determinism": 0.3695894254323304, "Degeneracy": 0.00905371444678238, "Effectiveness": 0.36053571098554804}