{"Entropy Production": 1.4503477984194453, "Determinism": 0.0039021318726280008, "Degeneracy": -0.16855672307597347, "Effectiveness": 0.17245885494860147}