{"Entropy Production": 7.636436538427846, "Determinism": 0.6220289660138194, "Degeneracy": 0.3385831366417833, "Effectiveness": 0.2834458293720361}