{"Entropy Production": 1.2430910222544929, "Determinism": -0.0956929568818663, "Degeneracy": -0.1967827800778581, "Effectiveness": 0.1010898231959918}