{"Entropy Production": 3.2441819827617984, "Determinism": 0.22240246604577063, "Degeneracy": 0.024816544036174726, "Effectiveness": 0.1975859220095959}