{"Entropy Production": 0.8152627323448264, "Determinism": -0.14075044345602317, "Degeneracy": -0.21883470342498734, "Effectiveness": 0.07808425996896418}