{"Entropy Production": 11.064609500652807, "Determinism": 0.512313791024112, "Degeneracy": 0.2108517098933791, "Effectiveness": 0.3014620811307329}