{"Entropy Production": 1.3628777491131976, "Determinism": 0.013063051379329504, "Degeneracy": -0.12886499057158662, "Effectiveness": 0.14192804195091613}