{"Entropy Production": 4.006501599246486, "Determinism": 0.2420788734026833, "Degeneracy": -0.05336745254517972, "Effectiveness": 0.295446325947863}