{"Entropy Production": 1.2903122536620468, "Determinism": -0.08145558454968338, "Degeneracy": -0.2268115000782256, "Effectiveness": 0.1453559155285422}