{"Entropy Production": 1.8437902650998772, "Determinism": 0.1848278117422626, "Degeneracy": 0.009633237967731745, "Effectiveness": 0.17519457377453085}