{"Entropy Production": 1.055211220394265, "Determinism": -0.13117949267728957, "Degeneracy": -0.21166290400852938, "Effectiveness": 0.08048341133123982}