{"Entropy Production": 5.027960890219107, "Determinism": 0.22993322119020076, "Degeneracy": 0.07534198632491629, "Effectiveness": 0.15459123486528448}