{"Entropy Production": 0.5396671539481985, "Determinism": -0.17977315989455667, "Degeneracy": -0.24458714635726908, "Effectiveness": 0.06481398646271241}