{"Entropy Production": 1.6866259633770704, "Determinism": 0.7804605586362516, "Degeneracy": 0.6152178800460706, "Effectiveness": 0.16524267859018105}