{"Entropy Production": 1.3920788468044087, "Determinism": -0.10799535800375404, "Degeneracy": -0.2220587767846931, "Effectiveness": 0.11406341878093906}