{"Entropy Production": 4.3485698585847805, "Determinism": 0.356420128183087, "Degeneracy": 0.28191204614958965, "Effectiveness": 0.07450808203349735}