{"Entropy Production": 0.6298145008015241, "Determinism": -0.14413548080329486, "Degeneracy": -0.21445091089825663, "Effectiveness": 0.07031543009496177}