{"Entropy Production": 9.18653645097551, "Determinism": 0.42390875825470054, "Degeneracy": 0.0405588283999041, "Effectiveness": 0.38334992985479643}