{"Entropy Production": 1.0705248545371626, "Determinism": -0.0228519312678781, "Degeneracy": -0.14234337730571722, "Effectiveness": 0.11949144603783912}