{"Entropy Production": 3.303580857797441, "Determinism": 0.6238398402905692, "Degeneracy": 0.3023680887275373, "Effectiveness": 0.32147175156303187}