{"Entropy Production": 1.8374131991177105, "Determinism": -0.06413381470154311, "Degeneracy": -0.19885144056638948, "Effectiveness": 0.13471762586484637}