{"Entropy Production": 7.585288637094242, "Determinism": 0.3004073521610491, "Degeneracy": 0.048467850229153786, "Effectiveness": 0.2519395019318953}