{"Entropy Production": 1.2784733951083425, "Determinism": 0.022806246014009268, "Degeneracy": -0.09612634480014481, "Effectiveness": 0.11893259081415408}