{"Entropy Production": 7.915347571027331, "Determinism": 0.3783256506551962, "Degeneracy": 0.07768438734443084, "Effectiveness": 0.30064126331076535}