{"Entropy Production": 1.295054456801961, "Determinism": 0.07922838308641644, "Degeneracy": -0.02541660246144728, "Effectiveness": 0.10464498554786372}