{"Entropy Production": 5.96526630685781, "Determinism": 0.3332292553772018, "Degeneracy": -0.05394404312117862, "Effectiveness": 0.38717329849838045}