{"Entropy Production": 2.345983572323161, "Determinism": 0.0341896979779559, "Degeneracy": -0.15069574740228253, "Effectiveness": 0.18488544538023843}