{"Entropy Production": 11.747468806735979, "Determinism": 0.5161117757106621, "Degeneracy": 0.20974821407636757, "Effectiveness": 0.30636356163429457}