{"Entropy Production": 2.037203476593804, "Determinism": -0.003535624595758957, "Degeneracy": -0.17850052430214758, "Effectiveness": 0.17496489970638862}