{"Entropy Production": 4.471297513888947, "Determinism": 0.6113244171423107, "Degeneracy": 0.31241692279576494, "Effectiveness": 0.29890749434654573}