{"Entropy Production": 0.8558043224246469, "Determinism": -0.10306214689111837, "Degeneracy": -0.17966781708734958, "Effectiveness": 0.07660567019623121}