{"Entropy Production": 4.624403503624232, "Determinism": 0.7022604403168016, "Degeneracy": -0.03144361221611147, "Effectiveness": 0.733704052532913}