{"Entropy Production": 1.3404079140073888, "Determinism": -0.11587454518663742, "Degeneracy": -0.22900103231346858, "Effectiveness": 0.11312648712683115}