{"Entropy Production": 6.906738235780353, "Determinism": 0.434494518626809, "Degeneracy": 0.05872208356296138, "Effectiveness": 0.3757724350638476}