{"Entropy Production": 2.240058633687431, "Determinism": 0.12789424323886944, "Degeneracy": -0.01911572708809528, "Effectiveness": 0.14700997032696472}