{"Entropy Production": 4.292474904125338, "Determinism": 0.3161488615422403, "Degeneracy": 0.11490890470267168, "Effectiveness": 0.20123995683956863}