{"Entropy Production": 1.0136924359916117, "Determinism": -0.126205871621901, "Degeneracy": -0.20850615165614172, "Effectiveness": 0.08230028003424072}