{"Entropy Production": 4.230657227341492, "Determinism": 0.25226198856862636, "Degeneracy": 0.11271915154077661, "Effectiveness": 0.13954283702784975}