{"Entropy Production": 0.8287030849473251, "Determinism": -0.12733663156340258, "Degeneracy": -0.21460188037948535, "Effectiveness": 0.08726524881608277}