{"Entropy Production": 1.4435947083853493, "Determinism": 0.8560369748145389, "Degeneracy": 0.6601374050339903, "Effectiveness": 0.19589956978054857}