{"Entropy Production": 1.0294706319307445, "Determinism": -0.11828946494390813, "Degeneracy": -0.19615360212067623, "Effectiveness": 0.0778641371767681}