{"Entropy Production": 4.1403038925405165, "Determinism": 0.5196738836824579, "Degeneracy": 0.2707898551629375, "Effectiveness": 0.2488840285195204}