{"Entropy Production": 1.2250261604418105, "Determinism": -0.11740410669611201, "Degeneracy": -0.22375970365733266, "Effectiveness": 0.10635559696122066}