{"Entropy Production": 5.254775705977088, "Determinism": 0.43128665585657067, "Degeneracy": 0.10093683306923307, "Effectiveness": 0.3303498227873376}