{"Entropy Production": 1.8475879051706998, "Determinism": -0.05971872579015347, "Degeneracy": -0.22610950502514537, "Effectiveness": 0.1663907792349919}