{"Entropy Production": 5.705714347504648, "Determinism": 0.3936800362058914, "Degeneracy": 0.2041086113735, "Effectiveness": 0.18957142483239142}