{"Entropy Production": 1.2105358056068267, "Determinism": -0.10752344690127513, "Degeneracy": -0.22083555279745104, "Effectiveness": 0.11331210589617591}