{"Entropy Production": 4.721433340019086, "Determinism": 0.2548196448635842, "Degeneracy": -0.015902395495407173, "Effectiveness": 0.2707220403589914}