{"Entropy Production": 1.3646547082567382, "Determinism": -0.109342417787893, "Degeneracy": -0.22473884681469336, "Effectiveness": 0.11539642902680036}