{"Entropy Production": 6.207374086441968, "Determinism": 0.271868983499874, "Degeneracy": 0.024711844236950498, "Effectiveness": 0.2471571392629235}