{"Entropy Production": 1.2230933585700572, "Determinism": 0.036852729789263794, "Degeneracy": -0.0884756969503191, "Effectiveness": 0.1253284267395829}