{"Entropy Production": 6.14711966766208, "Determinism": 0.28136236206067666, "Degeneracy": -0.12080797544170929, "Effectiveness": 0.40217033750238596}