{"Entropy Production": 2.3302348383620957, "Determinism": -0.012193090512064408, "Degeneracy": -0.1890888386313354, "Effectiveness": 0.176895748119271}