{"Entropy Production": 5.747976807795744, "Determinism": 0.31886844723780383, "Degeneracy": 0.018517007414640574, "Effectiveness": 0.30035143982316326}