{"Entropy Production": 1.5766270163961753, "Determinism": -0.08918889948260489, "Degeneracy": -0.2057850937866621, "Effectiveness": 0.11659619430405721}