{"Entropy Production": 0.917600470912263, "Determinism": 0.7815590247627848, "Degeneracy": 0.3339407768930198, "Effectiveness": 0.447618247869765}