{"Entropy Production": 1.3612690484770322, "Determinism": -0.09191966205444846, "Degeneracy": -0.17048142182112613, "Effectiveness": 0.07856175976667767}