{"Entropy Production": 0.3156047089550888, "Determinism": 0.8758359199993546, "Degeneracy": 0.5976317959023576, "Effectiveness": 0.278204124096997}