{"Entropy Production": 2.022416480151284, "Determinism": -0.04736821182188766, "Degeneracy": -0.1903556904712449, "Effectiveness": 0.14298747864935724}