{"Entropy Production": 4.049219928496853, "Determinism": 0.2818880124221024, "Degeneracy": 0.08931729829813895, "Effectiveness": 0.19257071412396343}