{"Entropy Production": 1.7717400973884774, "Determinism": -0.06836202489119936, "Degeneracy": -0.16937628666824933, "Effectiveness": 0.10101426177704997}