{"Entropy Production": 4.778927430910448, "Determinism": 0.328300221269084, "Degeneracy": 0.04483698863203678, "Effectiveness": 0.2834632326370472}