{"Entropy Production": 3.1737001266846576, "Determinism": 0.06388266317626856, "Degeneracy": -0.11869271381430346, "Effectiveness": 0.18257537699057202}