{"Entropy Production": 3.7676027924544533, "Determinism": 0.18632826821655524, "Degeneracy": -0.10660448759976315, "Effectiveness": 0.2929327558163184}