{"Entropy Production": 1.337321488743251, "Determinism": -0.09629505644628056, "Degeneracy": -0.20267495353354015, "Effectiveness": 0.10637989708725959}