{"Entropy Production": 4.155434725738767, "Determinism": 0.5995107326645108, "Degeneracy": 0.3503821274211909, "Effectiveness": 0.24912860524331992}