{"Entropy Production": 1.0052119719474881, "Determinism": -0.09975149761304358, "Degeneracy": -0.24533530775042856, "Effectiveness": 0.14558381013738497}