{"Entropy Production": 3.5263665004170894, "Determinism": 0.2613690273332523, "Degeneracy": 0.06130339832016718, "Effectiveness": 0.2000656290130851}