{"Entropy Production": 1.632974241684023, "Determinism": -0.0854477679410719, "Degeneracy": -0.22016732049419474, "Effectiveness": 0.13471955255312285}