{"Entropy Production": 3.684578955278521, "Determinism": 0.3480026390799993, "Degeneracy": 0.10282238504286356, "Effectiveness": 0.24518025403713573}