{"Entropy Production": 1.4674868725156434, "Determinism": -0.09190511521334921, "Degeneracy": -0.23331609514749774, "Effectiveness": 0.14141097993414853}