{"Entropy Production": 1.4375659064731474, "Determinism": 0.7866173702771764, "Degeneracy": 0.30832759194487513, "Effectiveness": 0.47828977833230124}