{"Entropy Production": 0.9724760969735423, "Determinism": -0.13154918971800944, "Degeneracy": -0.18954924978733212, "Effectiveness": 0.05800006006932268}