{"Entropy Production": 3.08807529949192, "Determinism": 0.2232138630583167, "Degeneracy": -0.015648614982028963, "Effectiveness": 0.23886247804034566}