{"Entropy Production": 1.9347232733913664, "Determinism": -0.015332782791985355, "Degeneracy": -0.16982475121480034, "Effectiveness": 0.15449196842281498}