{"Entropy Production": 3.551232298829402, "Determinism": 0.6760408951574801, "Degeneracy": 0.5864627537787279, "Effectiveness": 0.0895781413787522}