{"Entropy Production": 1.1121240524790292, "Determinism": -0.12208752434029124, "Degeneracy": -0.2259028544772046, "Effectiveness": 0.10381533013691335}