{"Entropy Production": 1.3880977813117514, "Determinism": 0.6651697029065187, "Degeneracy": 0.5372721089174401, "Effectiveness": 0.12789759398907852}