{"Entropy Production": 1.1125800165161985, "Determinism": -0.15039805754148228, "Degeneracy": -0.22903443797282685, "Effectiveness": 0.07863638043134458}