{"Entropy Production": 6.456360592003612, "Determinism": 0.7415829444980035, "Degeneracy": 0.4879842040666511, "Effectiveness": 0.25359874043135244}