{"Entropy Production": 1.0783033140395306, "Determinism": -0.1367656150499137, "Degeneracy": -0.2525959153460806, "Effectiveness": 0.11583030029616692}