{"Entropy Production": 2.2836885791407955, "Determinism": 0.7020462666655587, "Degeneracy": 0.5758584223130117, "Effectiveness": 0.12618784435254704}