{"Entropy Production": 1.0089882829131738, "Determinism": -0.11292021328317592, "Degeneracy": -0.22577926322787079, "Effectiveness": 0.11285904994469487}