{"Entropy Production": 8.930123594565215, "Determinism": 0.995257923924969, "Degeneracy": 0.3779384023788739, "Effectiveness": 0.6173195215460952}