{"Entropy Production": 1.903425136484088, "Determinism": -0.025056468167933055, "Degeneracy": -0.24003785276490142, "Effectiveness": 0.21498138459696836}