{"Entropy Production": 7.651140194318489, "Determinism": 0.35673511428114146, "Degeneracy": 0.01087812504021013, "Effectiveness": 0.34585698924093133}