{"Entropy Production": 2.0255796089869524, "Determinism": -0.06120652006583471, "Degeneracy": -0.21332693576245898, "Effectiveness": 0.15212041569662427}