{"Entropy Production": 3.907977041728401, "Determinism": 0.1775178598177365, "Degeneracy": -0.10824900987936159, "Effectiveness": 0.2857668696970981}