{"Entropy Production": 1.4213289287326187, "Determinism": -0.09612747643640018, "Degeneracy": -0.1951310270370521, "Effectiveness": 0.09900355060065191}