{"1": -0.006277946973407669, "2": 0.002555460648609091, "3": -0.0368155276335536, "4": -0.007578623607560712, "5": 0.023618078188692576, "6": -0.0033286106684571877, "7": 0.042144769342308895, "8": -0.009190529245988633, "9": -0.016186746665911887, "10": 0.05606001730061811, "11": 0.024865020006848725, "12": 0.028272061297879625, "13": -0.004523670065381472, "14": 0.0007381668928675301, "15": -0.012204972775034507, "16": 0.0219129816028317, "17": 0.025678395709034258, "18": 0.007905042050665426, "19": -0.009215084237969755, "20": -0.00743959599355876, "21": 0.019459399596587896, "22": 0.004884829016667587, "23": -0.014163712708070443, "24": -0.000982471875782662, "25": -0.038265313264697405, "26": -0.005892666457248078, "27": -0.0013307700963937651, "28": 0.028732088414064057, "29": -0.014105132530405226, "30": -0.004646724390328907, "31": 0.011633751267075016, "32": -0.006736317419766661, "33": -0.023714798466065026, "34": -0.017467312836106717, "35": -0.013188884073838895, "36": -0.013617416369278922, "37": -0.008059567294667188, "38": -0.016706163020942563, "81": 0.04358019905122542, "82": -0.011532250441440815, "83": 0.028600941083511314, "84": -0.00014289719942964184, "85": 0.0029353394424525303, "86": 0.013613769538952934, "63": 0.009499841890639737, "64": 0.005939241486608919, "65": 0.004201269969162311, "66": -0.012620276642104685, "67": -0.018568260700033142, "68": -0.0060416600402926285, "75": 0.06507114938729214, "76": 0.07988627430911625, "77": 0.0025527121969081204, "78": 0.024511597658444097, "79": -0.018511225096452796, "80": -0.07748068693465786, "57": 0.004076293388603608, "58": 0.0322417726688234, "59": 0.040308493539666174, "60": -0.017654594877917, "61": 0.013191771734220445, "62": -0.0018064822696790357, "45": 0.013497369946348856, "46": 0.0012462376690384734, "47": 0.03158681957661859, "48": -0.008751087836038625, "49": -0.0017738874284379765, "50": 0.00107937068244298, "51": 0.01091262950140985, "52": 0.006145379571286294, "53": -0.012973718210618131, "54": -0.025909552128053376, "55": 0.0007920747430354804, "56": -0.010121977828620784, "69": 0.009055316701991344, "70": 0.0082272770201015, "71": 0.03282662335366841, "72": 0.0069382388466430476, "73": 0.008009954476067241, "74": 0.0016733485559306848, "39": -0.015187234330389057, "40": -0.011183658896708035, "41": 0.020200794955162325, "42": 0.01953861567212733, "43": 0.007392058929659829, "44": -0.02178164263763695}