{"1": 0.03315848425727352, "2": 0.010427871240407253, "3": -0.025459563227096284, "4": -0.03323137613160088, "5": 0.08908163970605776, "6": -0.037665927320960656, "7": 0.0345686771299047, "8": 0.015617322367542317, "9": -0.013480916095453294, "10": 0.06191883168244333, "11": -0.0024080596763724873, "12": 0.04171106540733705, "13": 0.009840330220192052, "14": -0.005197919320931153, "15": -0.024787314048471544, "16": 0.014912291392263103, "17": 0.022198668480532962, "18": 0.02774688009937227, "19": -0.030915293673166085, "20": 0.02847549825186127, "21": 0.0025792299066100676, "22": 0.02877021846402127, "23": -0.014577447612808695, "24": -0.015533816990693243, "25": -0.03368813663918804, "26": -0.0012391699371803438, "27": -0.010571009550266401, "28": 0.013499552835502977, "29": -0.00954152888917439, "30": 0.0003840833023943491, "31": 0.011164055522365365, "32": 0.0023267671665386535, "33": -0.025269985508862128, "34": -0.015691426173903178, "35": -0.006079412972900771, "36": -0.013914520904627812, "37": -0.00223261690370299, "38": -0.003234185788459448, "81": 0.04681009804371618, "82": 0.006147165270759212, "83": 0.008991216095833653, "84": 0.012993113469727738, "85": 0.020743945713261994, "86": -0.009578326900953855, "63": -0.005141496759798979, "64": 0.029233404040337675, "65": -0.04540573212354083, "66": -0.012626640803723528, "67": -0.0163888203796252, "68": -0.001098651241107064, "75": -0.01949487705039325, "76": 0.04494137050814652, "77": 0.05039614124273159, "78": 0.032098562008858626, "79": 0.0013792145296079323, "80": 0.007723461287428615, "57": -0.01893116245965098, "58": -0.005947726297559956, "59": 0.04056064791272189, "60": -0.012981188227825197, "61": 0.022940243093778154, "62": -0.006290489719239544, "45": 0.025597650971727077, "46": -0.013556825764971242, "47": -0.011098479979612249, "48": -0.012565912817291294, "49": 0.013896705226142475, "50": 0.01282373522624688, "51": 0.011584948295452745, "52": -0.008318679364534223, "53": 0.02677707689974456, "54": -0.027569016033031843, "55": -0.021724853193339947, "56": -0.007181327725638346, "69": 0.019972030292910586, "70": -0.001480748250118774, "71": 0.015088750550641678, "72": -0.011460038673993478, "73": 0.021441865271939805, "74": 0.018082555030601, "39": 0.010949904910450971, "40": -0.012351079566826255, "41": 0.013144542911550972, "42": 0.006612591768131417, "43": 0.029685396183205644, "44": -0.023787899685142395}