{"1": 0.014514741377107595, "2": -0.038956128088409266, "3": -0.029249829065344873, "4": -0.028546094883450508, "5": 0.0583144035526151, "6": 0.016557096365325378, "7": 0.035097451474812184, "8": -0.018272771568096445, "9": 0.014993701100241376, "10": 0.04850431026548544, "11": 0.0022521854717882776, "12": 0.030414955244732613, "13": -0.007979932452694617, "14": -0.014770396785655471, "15": -0.003335208809061073, "16": 0.013817719429462614, "17": 0.06496730548998221, "18": 0.06412316876253375, "19": 0.004259974798711472, "20": 0.012391372884120105, "21": 0.023249927283329492, "22": -0.014895865542513076, "23": -0.01597078482254637, "24": 0.00015329364929646516, "25": -0.026836112246601006, "26": 0.0066288104251305885, "27": -0.000984140022240571, "28": 0.022043362370760124, "29": -0.01612776900574593, "30": -0.01770607115258487, "31": 0.02132874707597876, "32": 0.02823085270906669, "33": -0.037505785200301366, "34": -0.018562206109200247, "35": -0.01385073696723692, "36": -0.013660143327807933, "37": 0.01459672647243812, "38": -0.00971759526665006, "81": 0.011013999947744029, "82": 0.00016492344040820652, "83": 0.03516866980069176, "84": -0.007210868719089141, "85": 0.010327585141512372, "86": 0.03534621866623812, "63": 0.003873806802863826, "64": 0.017115478382470385, "65": 0.012104990889218218, "66": 0.010447927983384276, "67": -0.0359202732680253, "68": -0.023635158265679457, "75": -0.006405798204936225, "76": 0.13626514244823035, "77": 0.010919083593680648, "78": -0.013880624264336398, "79": 0.03730616553023519, "80": -0.014224149298086287, "57": -0.0077372876015912645, "58": 0.011867196020324636, "59": 0.03566825409539556, "60": -0.030460159660054588, "61": -0.0077828142196761235, "62": -0.017951193254297323, "45": -0.0030735359212257416, "46": -0.005696995469426045, "47": -0.007132569811874707, "48": -0.0314590174262247, "49": -0.007681144298360346, "50": 0.007258742216794582, "51": 0.007612954044413315, "52": 0.011427704710359098, "53": 0.022040175671107984, "54": 0.027581671974298456, "55": 0.008887173867076345, "56": 0.022043427844206938, "69": 0.029364398152824527, "70": -0.01995600781220388, "71": -0.008433343100762283, "72": -0.0037847327758455777, "73": -0.02110472571549974, "74": -0.034228347040164024, "39": 0.02414502129809463, "40": -0.017175590038168674, "41": -0.01709531111965608, "42": -0.007602888161055675, "43": 0.0201845832300927, "44": -0.02212957771634558}