{"1": -0.007998190727845474, "2": -0.001440588574914433, "3": -0.013032195746179353, "4": -0.05247140492588625, "5": 0.03714143659047714, "6": 0.024647641003017702, "7": 0.008595738078540395, "8": 0.04097989497081329, "9": -0.026651622689550784, "10": 0.02856726183919974, "11": 0.0007338514362742828, "12": 0.034498527190164746, "13": -0.012543787242980818, "14": 0.010029994191849778, "15": -0.022798268750607417, "16": -0.000936456669348856, "17": 0.11770903237407673, "18": 0.006176787478018173, "19": 0.001459181135423261, "20": 0.02113712194263532, "21": 0.03229478383465707, "22": -0.010693645520568755, "23": -0.01002266563286893, "24": -0.005216478300342396, "25": -0.036915897935689744, "26": 0.00035085576788099123, "27": -0.016198402879912453, "28": -0.006586213858260191, "29": 0.0069544874984953245, "30": -0.009184275225778386, "31": 0.011184235052775543, "32": 0.008174087127396642, "33": -0.014203787620131041, "34": -0.004395989901725361, "35": -0.0036760586125901312, "36": -0.0060271158799110065, "37": -0.010367375794483647, "38": -0.023819616478540216, "81": 0.016107370329471384, "82": 0.001512249101949305, "83": 0.03995753073962249, "84": -0.020092588134069663, "85": 0.007124239921022195, "86": 0.010677751515844387, "63": 0.003437887830764961, "64": -0.0025234512796708706, "65": -0.0174686830759547, "66": -0.013070977477337249, "67": -0.017080527289236234, "68": 0.01316198361831656, "75": -0.021524196401929395, "76": 0.02804538967523829, "77": 0.01417424160890913, "78": -0.007180142573057719, "79": 0.026816873739006746, "80": -0.032868578832029906, "57": 0.0017368795132677672, "58": 0.014743209523295702, "59": 0.021266237578313904, "60": -0.009778887557194393, "61": 0.020752998464267973, "62": -0.010850152422381243, "45": -0.01439079701781524, "46": -0.00993453463713443, "47": -0.0013550152723412518, "48": -0.027105054292920254, "49": -0.006223479403659155, "50": -0.004100162470208272, "51": 0.00741699360386551, "52": 0.0011902703392863156, "53": 0.020690254986800924, "54": -0.02978086080377991, "55": -0.006031296541506854, "56": -0.005501460488230637, "69": -0.03631108874890349, "70": -0.019307524414491534, "71": -0.03566983566077999, "72": 0.0017511447186492697, "73": 0.06267026704653443, "74": -0.01051152671556566, "39": 0.0017685507687867387, "40": -0.008048206368272522, "41": -0.004342695168859284, "42": -0.016805425256366024, "43": 0.013687989256295316, "44": -0.011963146437851449}